Area,Forward Primer Sequence (5'→ 3'),Reverse Primer Sequence (5'→ 3'),Initial copy number of DNA,log value of copy,forward length,reverse length,Run Time (minutes),Normalization,F_AA,F_AT,F_AC,F_AG,F_TA,F_TT,F_TC,F_TG,F_CA,F_CT,F_CC,F_CG,F_GA,F_GT,F_GC,F_GG,R_AA,R_AT,R_AC,R_AG,R_TA,R_TT,R_TC,R_TG,R_CA,R_CT,R_CC,R_CG,R_GA,R_GT,R_GC,R_GG
1581.69,ccaggtaaattagtaccagg,cctgatggaatatcgaaacgtcgtccataa,6000000.0,6.778,20.0,30.0,30.0,27.195242685160764,0.10526315789473684,0.05263157894736842,0.05263157894736842,0.15789473684210525,0.15789473684210525,0.05263157894736842,0.0,0.0,0.10526315789473684,0.0,0.10526315789473684,0.0,0.0,0.10526315789473684,0.0,0.10526315789473684,0.13793103448275862,0.13793103448275862,0.034482758620689655,0.0,0.06896551724137931,0.0,0.10344827586206896,0.06896551724137931,0.034482758620689655,0.034482758620689655,0.06896551724137931,0.10344827586206896,0.10344827586206896,0.06896551724137931,0.0,0.034482758620689655
2827.995,ccaggtaaattagtaccaggggcaa,cctgatggaatatcgaaacgtcgtccataagcaac,6000000.0,6.778,25.0,35.0,30.0,48.623946751526034,0.125,0.041666666666666664,0.041666666666666664,0.125,0.125,0.041666666666666664,0.0,0.0,0.125,0.0,0.08333333333333333,0.0,0.0,0.08333333333333333,0.041666666666666664,0.16666666666666666,0.14705882352941177,0.11764705882352941,0.058823529411764705,0.029411764705882353,0.058823529411764705,0.0,0.08823529411764706,0.058823529411764705,0.058823529411764705,0.029411764705882353,0.058823529411764705,0.08823529411764706,0.08823529411764706,0.058823529411764705,0.029411764705882353,0.029411764705882353
2444.924,ccaggtaaattagtaccaggggcaattaat,cctgatggaatatcgaaacg,6000000.0,6.778,30.0,20.0,30.0,42.03750515383798,0.13793103448275862,0.10344827586206896,0.034482758620689655,0.10344827586206896,0.13793103448275862,0.06896551724137931,0.0,0.0,0.10344827586206896,0.0,0.06896551724137931,0.0,0.0,0.06896551724137931,0.034482758620689655,0.13793103448275862,0.15789473684210525,0.15789473684210525,0.05263157894736842,0.0,0.05263157894736842,0.0,0.05263157894736842,0.10526315789473684,0.0,0.05263157894736842,0.05263157894736842,0.10526315789473684,0.15789473684210525,0.0,0.0,0.05263157894736842
2918.794,ccaggtaaattagtaccaggggcaattaatttcgc,cctgatggaatatcgaaacg,6000000.0,6.778,35.0,20.0,30.0,50.185125516372445,0.11764705882352941,0.08823529411764706,0.029411764705882353,0.08823529411764706,0.11764705882352941,0.11764705882352941,0.029411764705882353,0.0,0.08823529411764706,0.0,0.058823529411764705,0.029411764705882353,0.0,0.058823529411764705,0.058823529411764705,0.11764705882352941,0.15789473684210525,0.15789473684210525,0.05263157894736842,0.0,0.05263157894736842,0.0,0.05263157894736842,0.10526315789473684,0.0,0.05263157894736842,0.05263157894736842,0.10526315789473684,0.15789473684210525,0.0,0.0,0.05263157894736842
864.033,ccaggtaaattagtaccaggggcaattaatttcgc,cctgatggaatatcgaaacgtcgtccataagcaac,6000000.0,6.778,35.0,35.0,30.0,14.856000305361677,0.11764705882352941,0.08823529411764706,0.029411764705882353,0.08823529411764706,0.11764705882352941,0.11764705882352941,0.029411764705882353,0.0,0.08823529411764706,0.0,0.058823529411764705,0.029411764705882353,0.0,0.058823529411764705,0.058823529411764705,0.11764705882352941,0.14705882352941177,0.11764705882352941,0.058823529411764705,0.029411764705882353,0.058823529411764705,0.0,0.08823529411764706,0.058823529411764705,0.058823529411764705,0.029411764705882353,0.058823529411764705,0.08823529411764706,0.08823529411764706,0.058823529411764705,0.029411764705882353,0.029411764705882353
1326.175,ccaggtaaattagtaccagg,cctgatggaatatcgaaacg,6000000.0,6.778,20.0,20.0,60.0,34.61089671367751,0.10526315789473684,0.05263157894736842,0.05263157894736842,0.15789473684210525,0.15789473684210525,0.05263157894736842,0.0,0.0,0.10526315789473684,0.0,0.10526315789473684,0.0,0.0,0.10526315789473684,0.0,0.10526315789473684,0.15789473684210525,0.15789473684210525,0.05263157894736842,0.0,0.05263157894736842,0.0,0.05263157894736842,0.10526315789473684,0.0,0.05263157894736842,0.05263157894736842,0.10526315789473684,0.15789473684210525,0.0,0.0,0.05263157894736842
2022.832,ccaggtaaattagtaccagg,   cctgatggaatatcgaaacgtcgtc,6000000.0,6.778,20.0,28.0,60.0,52.79245154004691,0.10526315789473684,0.05263157894736842,0.05263157894736842,0.15789473684210525,0.15789473684210525,0.05263157894736842,0.0,0.0,0.10526315789473684,0.0,0.10526315789473684,0.0,0.0,0.10526315789473684,0.0,0.10526315789473684,0.1111111111111111,0.1111111111111111,0.037037037037037035,0.0,0.037037037037037035,0.0,0.1111111111111111,0.07407407407407407,0.0,0.037037037037037035,0.037037037037037035,0.1111111111111111,0.1111111111111111,0.07407407407407407,0.0,0.037037037037037035
3582.288,ccaggtaaattagtaccagg,cctgatggaatatcgaaacgtcgtccataa,6000000.0,6.778,20.0,30.0,60.0,93.49158291073681,0.10526315789473684,0.05263157894736842,0.05263157894736842,0.15789473684210525,0.15789473684210525,0.05263157894736842,0.0,0.0,0.10526315789473684,0.0,0.10526315789473684,0.0,0.0,0.10526315789473684,0.0,0.10526315789473684,0.13793103448275862,0.13793103448275862,0.034482758620689655,0.0,0.06896551724137931,0.0,0.10344827586206896,0.06896551724137931,0.034482758620689655,0.034482758620689655,0.06896551724137931,0.10344827586206896,0.10344827586206896,0.06896551724137931,0.0,0.034482758620689655
783.811,ccaggtaaattagtaccagg,cctgatggaatatcgaaacgtcgtccataagcaac,6000000.0,6.778,20.0,35.0,60.0,20.456124994095266,0.10526315789473684,0.05263157894736842,0.05263157894736842,0.15789473684210525,0.15789473684210525,0.05263157894736842,0.0,0.0,0.10526315789473684,0.0,0.10526315789473684,0.0,0.0,0.10526315789473684,0.0,0.10526315789473684,0.14705882352941177,0.11764705882352941,0.058823529411764705,0.029411764705882353,0.058823529411764705,0.0,0.08823529411764706,0.058823529411764705,0.058823529411764705,0.029411764705882353,0.058823529411764705,0.08823529411764706,0.08823529411764706,0.058823529411764705,0.029411764705882353,0.029411764705882353
1169.953,ccaggtaaattagtaccaggggcaa,   cctgatggaatatcgaaacgtcgtc,6000000.0,6.778,25.0,28.0,60.0,30.53377000988342,0.125,0.041666666666666664,0.041666666666666664,0.125,0.125,0.041666666666666664,0.0,0.0,0.125,0.0,0.08333333333333333,0.0,0.0,0.08333333333333333,0.041666666666666664,0.16666666666666666,0.1111111111111111,0.1111111111111111,0.037037037037037035,0.0,0.037037037037037035,0.0,0.1111111111111111,0.07407407407407407,0.0,0.037037037037037035,0.037037037037037035,0.1111111111111111,0.1111111111111111,0.07407407407407407,0.0,0.037037037037037035
1961.175,ccaggtaaattagtaccaggggcaa,cctgatggaatatcgaaacgtcgtccataa,6000000.0,6.778,25.0,30.0,60.0,51.18330941425264,0.125,0.041666666666666664,0.041666666666666664,0.125,0.125,0.041666666666666664,0.0,0.0,0.125,0.0,0.08333333333333333,0.0,0.0,0.08333333333333333,0.041666666666666664,0.16666666666666666,0.13793103448275862,0.13793103448275862,0.034482758620689655,0.0,0.06896551724137931,0.0,0.10344827586206896,0.06896551724137931,0.034482758620689655,0.034482758620689655,0.06896551724137931,0.10344827586206896,0.10344827586206896,0.06896551724137931,0.0,0.034482758620689655
1724.782,ccaggtaaattagtaccaggggcaa,cctgatggaatatcgaaacgtcgtccataagcaac,6000000.0,6.778,25.0,35.0,60.0,45.013856885863575,0.125,0.041666666666666664,0.041666666666666664,0.125,0.125,0.041666666666666664,0.0,0.0,0.125,0.0,0.08333333333333333,0.0,0.0,0.08333333333333333,0.041666666666666664,0.16666666666666666,0.14705882352941177,0.11764705882352941,0.058823529411764705,0.029411764705882353,0.058823529411764705,0.0,0.08823529411764706,0.058823529411764705,0.058823529411764705,0.029411764705882353,0.058823529411764705,0.08823529411764706,0.08823529411764706,0.058823529411764705,0.029411764705882353,0.029411764705882353
3310.924,ccaggtaaattagtaccaggggcaattaat,cctgatggaatatcgaaacg,6000000.0,6.778,30.0,20.0,60.0,86.40944716258112,0.13793103448275862,0.10344827586206896,0.034482758620689655,0.10344827586206896,0.13793103448275862,0.06896551724137931,0.0,0.0,0.10344827586206896,0.0,0.06896551724137931,0.0,0.0,0.06896551724137931,0.034482758620689655,0.13793103448275862,0.15789473684210525,0.15789473684210525,0.05263157894736842,0.0,0.05263157894736842,0.0,0.05263157894736842,0.10526315789473684,0.0,0.05263157894736842,0.05263157894736842,0.10526315789473684,0.15789473684210525,0.0,0.0,0.05263157894736842
1850.731,ccaggtaaattagtaccaggggcaattaatttcgc,cctgatggaatatcgaaacg,6000000.0,6.778,35.0,20.0,60.0,48.30091012558757,0.11764705882352941,0.08823529411764706,0.029411764705882353,0.08823529411764706,0.11764705882352941,0.11764705882352941,0.029411764705882353,0.0,0.08823529411764706,0.0,0.058823529411764705,0.029411764705882353,0.0,0.058823529411764705,0.058823529411764705,0.11764705882352941,0.15789473684210525,0.15789473684210525,0.05263157894736842,0.0,0.05263157894736842,0.0,0.05263157894736842,0.10526315789473684,0.0,0.05263157894736842,0.05263157894736842,0.10526315789473684,0.15789473684210525,0.0,0.0,0.05263157894736842
1241.468,ccaggtaaattagtaccaggggcaattaatttcgc,   cctgatggaatatcgaaacgtcgtc,6000000.0,6.778,35.0,28.0,60.0,32.40018905599623,0.11764705882352941,0.08823529411764706,0.029411764705882353,0.08823529411764706,0.11764705882352941,0.11764705882352941,0.029411764705882353,0.0,0.08823529411764706,0.0,0.058823529411764705,0.029411764705882353,0.0,0.058823529411764705,0.058823529411764705,0.11764705882352941,0.1111111111111111,0.1111111111111111,0.037037037037037035,0.0,0.037037037037037035,0.0,0.1111111111111111,0.07407407407407407,0.0,0.037037037037037035,0.037037037037037035,0.1111111111111111,0.1111111111111111,0.07407407407407407,0.0,0.037037037037037035
1074.447,ccaggtaaattagtaccaggggcaattaatttcgc,cctgatggaatatcgaaacgtcgtccataa,6000000.0,6.778,35.0,30.0,60.0,28.041226943141485,0.11764705882352941,0.08823529411764706,0.029411764705882353,0.08823529411764706,0.11764705882352941,0.11764705882352941,0.029411764705882353,0.0,0.08823529411764706,0.0,0.058823529411764705,0.029411764705882353,0.0,0.058823529411764705,0.058823529411764705,0.11764705882352941,0.13793103448275862,0.13793103448275862,0.034482758620689655,0.0,0.06896551724137931,0.0,0.10344827586206896,0.06896551724137931,0.034482758620689655,0.034482758620689655,0.06896551724137931,0.10344827586206896,0.10344827586206896,0.06896551724137931,0.0,0.034482758620689655
2766.882,ccaggtaaattagtaccaggggcaattaatttcgc,cctgatggaatatcgaaacgtcgtccataagcaac,6000000.0,6.778,35.0,35.0,60.0,72.210882516209,0.11764705882352941,0.08823529411764706,0.029411764705882353,0.08823529411764706,0.11764705882352941,0.11764705882352941,0.029411764705882353,0.0,0.08823529411764706,0.0,0.058823529411764705,0.029411764705882353,0.0,0.058823529411764705,0.058823529411764705,0.11764705882352941,0.14705882352941177,0.11764705882352941,0.058823529411764705,0.029411764705882353,0.058823529411764705,0.0,0.08823529411764706,0.058823529411764705,0.058823529411764705,0.029411764705882353,0.058823529411764705,0.08823529411764706,0.08823529411764706,0.058823529411764705,0.029411764705882353,0.029411764705882353
